"firstname","lastname"
anonfirstname3,anonlastname3
anonfirstname4,anonlastname4
anonfirstname5,anonlastname5
anonfirstname7,anonlastname7
anonfirstname8,anonlastname8
anonfirstname9,anonlastname9
anonfirstname10,anonlastname10
anonfirstname11,anonlastname11
anonfirstname12,anonlastname12
anonfirstname17,anonlastname17
anonfirstname18,anonlastname18
anonfirstname20,anonlastname20
anonfirstname21,anonlastname21
anonfirstname22,anonlastname22
anonfirstname24,anonlastname24
anonfirstname26,anonlastname26
anonfirstname27,anonlastname27
anonfirstname29,anonlastname29
anonfirstname30,anonlastname30
anonfirstname31,anonlastname31
anonfirstname32,anonlastname32
anonfirstname34,anonlastname34
anonfirstname36,anonlastname36
anonfirstname38,anonlastname38
anonfirstname39,anonlastname39
anonfirstname40,anonlastname40
anonfirstname41,anonlastname41
anonfirstname42,anonlastname42
anonfirstname43,anonlastname43
anonfirstname44,anonlastname44
anonfirstname45,anonlastname45
anonfirstname46,anonlastname46
anonfirstname47,anonlastname47
anonfirstname48,anonlastname48
anonfirstname49,anonlastname49
anonfirstname50,anonlastname50
anonfirstname51,anonlastname51
anonfirstname52,anonlastname52
anonfirstname53,anonlastname53
anonfirstname54,anonlastname54
anonfirstname55,anonlastname55
anonfirstname56,anonlastname56
anonfirstname57,anonlastname57
anonfirstname58,anonlastname58
anonfirstname59,anonlastname59
anonfirstname60,anonlastname60
anonfirstname61,anonlastname61
anonfirstname62,anonlastname62
anonfirstname63,anonlastname63
anonfirstname64,anonlastname64
anonfirstname65,anonlastname65
anonfirstname66,anonlastname66
anonfirstname67,anonlastname67
anonfirstname68,anonlastname68
anonfirstname69,anonlastname69
anonfirstname70,anonlastname70
anonfirstname71,anonlastname71
anonfirstname72,anonlastname72
anonfirstname73,anonlastname73
anonfirstname74,anonlastname74
anonfirstname75,anonlastname75
anonfirstname76,anonlastname76
anonfirstname77,anonlastname77
anonfirstname78,anonlastname78
anonfirstname79,anonlastname79
anonfirstname80,anonlastname80
anonfirstname81,anonlastname81
anonfirstname82,anonlastname82
anonfirstname83,anonlastname83
anonfirstname84,anonlastname84
anonfirstname85,anonlastname85
anonfirstname86,anonlastname86
anonfirstname87,anonlastname87
anonfirstname88,anonlastname88
anonfirstname89,anonlastname89
anonfirstname90,anonlastname90
anonfirstname91,anonlastname91
anonfirstname92,anonlastname92
anonfirstname93,anonlastname93
anonfirstname94,anonlastname94
anonfirstname95,anonlastname95
anonfirstname96,anonlastname96
anonfirstname97,anonlastname97
anonfirstname98,anonlastname98
anonfirstname99,anonlastname99
